,Unnamed: 0,id,author,score,upvote_ratio,num_comments,subreddit
0,0,p9f4r4,zippyteach,6484,0.92,871,CryptoCurrency
1,1,q06h0r,zippyteach,6247,0.94,567,CryptoCurrency
2,2,mtsq3g,ziggyzago,6763,0.91,1835,CryptoCurrency
3,3,liodvr,ziggyzago,5462,0.96,232,CryptoCurrency
28,28,otdhn6,tfproblem,13469,0.92,1218,CryptoCurrency
29,29,on70z5,tfproblem,4958,0.96,862,CryptoCurrency
31,31,lhia2b,steavus,7354,0.89,573,CryptoCurrency
32,32,lbqqkq,steavus,6416,0.95,1107,CryptoCurrency
39,39,nu16pp,sgtslaughterTV,18770,0.86,2009,CryptoCurrency
40,40,nv14gu,sgtslaughterTV,4971,0.98,712,CryptoCurrency
42,42,nc6qhm,savage-dragon,18515,0.83,1919,CryptoCurrency
43,43,n3e4ma,savage-dragon,14027,0.9,1287,CryptoCurrency
44,44,nb0yz5,satoshinakamoto7,27291,0.88,6246,CryptoCurrency
45,45,ndedgf,satoshinakamoto7,16831,0.77,3634,CryptoCurrency
46,46,l1oxnw,satoshinakamoto7,5889,0.96,561,CryptoCurrency
51,51,pennoy,roymustang261,6964,0.87,1025,CryptoCurrency
52,52,q6q8sm,roymustang261,6025,0.93,1501,CryptoCurrency
55,55,mgcb7o,robis87,19705,0.93,1151,CryptoCurrency
56,56,nyey92,robis87,8485,0.97,821,CryptoCurrency
57,57,oq9zxj,robis87,6210,0.92,1195,CryptoCurrency
58,58,l0i6n8,robis87,5442,0.95,764,CryptoCurrency
59,59,nhi8ki,roberthonker,9806,0.88,1473,CryptoCurrency
60,60,q6wqyo,roberthonker,6639,0.89,2253,CryptoCurrency
61,61,q379vr,roberthonker,6166,0.95,515,CryptoCurrency
66,66,lijzxr,reddito321,21448,0.94,1538,CryptoCurrency
67,67,lz4x37,reddito321,16414,0.82,1983,CryptoCurrency
86,86,n43gno,nanooverbtc,29029,0.7,372,CryptoCurrency
87,87,ovac5r,nanooverbtc,24140,0.91,317,CryptoCurrency
88,88,pdk193,nanooverbtc,19864,0.95,399,CryptoCurrency
89,89,n43ptn,nanooverbtc,15528,0.75,146,CryptoCurrency
90,90,mz2wfx,nanooverbtc,13029,0.84,1146,CryptoCurrency
91,91,n43upm,nanooverbtc,11249,0.75,114,CryptoCurrency
92,92,pvkqaq,nanooverbtc,10755,0.99,146,CryptoCurrency
93,93,n43k6m,nanooverbtc,9942,0.74,85,CryptoCurrency
94,94,qedajg,nanooverbtc,8669,0.99,132,CryptoCurrency
95,95,n43nup,nanooverbtc,8411,0.73,61,CryptoCurrency
96,96,n43yph,nanooverbtc,7231,0.73,75,CryptoCurrency
97,97,mz2wfk,nanooverbtc,6642,0.87,412,CryptoCurrency
98,98,n43ssx,nanooverbtc,5773,0.71,66,CryptoCurrency
99,99,mz3avs,nanooverbtc,5089,0.83,408,CryptoCurrency
105,105,qcxao8,milonuttigrain,10424,0.9,1878,CryptoCurrency
106,106,n52iwb,milonuttigrain,7011,0.68,907,CryptoCurrency
125,125,noztp7,jasonluxton,45512,0.68,7601,CryptoCurrency
126,126,nwagc0,jasonluxton,10255,0.93,514,CryptoCurrency
127,127,nhnf4p,jasonluxton,9174,0.95,815,CryptoCurrency
128,128,o601bm,jasonluxton,8096,0.87,1954,CryptoCurrency
129,129,nop6s7,jasonluxton,5044,0.93,791,CryptoCurrency
143,143,o9gvxo,grittygatorr,6494,0.92,1160,CryptoCurrency
144,144,myt26e,grittygatorr,6200,0.95,449,CryptoCurrency
149,149,mahrnm,girlshero,5633,0.96,580,CryptoCurrency
150,150,lc8s0l,girlshero,4940,0.97,317,CryptoCurrency
161,161,ktftlo,fallenkeith2018,7173,0.94,400,CryptoCurrency
162,162,mucdmf,fallenkeith2018,5667,0.97,453,CryptoCurrency
167,167,nuz1uj,eggnoggman,17231,0.89,1218,CryptoCurrency
168,168,o0ad7e,eggnoggman,7585,0.94,557,CryptoCurrency
169,169,n3q27z,eggnoggman,6021,0.97,498,CryptoCurrency
170,170,ojikfn,dragondude4,9531,0.86,1786,CryptoCurrency
171,171,owihb6,dragondude4,7922,0.94,909,CryptoCurrency
182,182,lvk7um,cornh_,11110,0.93,768,CryptoCurrency
183,183,m3ef7q,cornh_,8073,0.94,1243,CryptoCurrency
184,184,8eto2e,coinmoon_com,17161,0.87,826,CryptoCurrency
185,185,8j3lwh,coinmoon_com,6041,0.87,332,CryptoCurrency
198,198,7r4vlc,arsonbunny,14596,0.89,906,CryptoCurrency
199,199,7m3nvy,arsonbunny,12293,0.93,681,CryptoCurrency
200,200,7uzrta,arsonbunny,6082,0.92,625,CryptoCurrency
203,203,q82c00,anon43850,7232,0.91,949,CryptoCurrency
204,204,pfvxh1,anon43850,7073,0.85,1415,CryptoCurrency
205,205,n8wnip,anon43850,6153,0.96,491,CryptoCurrency
211,211,o7k0b4,_martinshkreli_,20871,0.93,599,CryptoCurrency
212,212,o2jwc1,_martinshkreli_,10790,0.92,1783,CryptoCurrency
213,213,o6888y,_martinshkreli_,10008,0.93,1431,CryptoCurrency
214,214,nd0yx2,_martinshkreli_,8761,0.86,1715,CryptoCurrency
222,222,lsvqeu,Weaver96,12304,0.86,1124,CryptoCurrency
223,223,lkkm0v,Weaver96,7906,0.96,1022,CryptoCurrency
224,224,lgrd9p,Weaver96,6323,0.96,1053,CryptoCurrency
225,225,lk2rtw,Weaver96,6297,0.85,1373,CryptoCurrency
226,226,ls1jqb,Weaver96,5308,0.93,800,CryptoCurrency
234,234,l7fyk3,TurbulentMoon,10458,0.97,1082,CryptoCurrency
235,235,oo6rrz,TurbulentMoon,7236,0.9,1680,CryptoCurrency
237,237,leur6k,TrueSpins,17584,0.87,2710,CryptoCurrency
238,238,mm2qpj,TrueSpins,10548,0.9,695,CryptoCurrency
239,239,ndvzeo,TrueSpins,7690,0.95,798,CryptoCurrency
240,240,m6wvqo,TrueSpins,5257,0.91,622,CryptoCurrency
251,251,njvog2,TheGreatCryptopo,14669,0.9,1087,CryptoCurrency
252,252,m5c5k4,TheGreatCryptopo,8242,0.95,1134,CryptoCurrency
253,253,mnedq4,TheGreatCryptopo,5049,0.92,624,CryptoCurrency
266,266,n66se9,Suspicious-Wallaby12,16539,0.92,2086,CryptoCurrency
267,267,npob3a,Suspicious-Wallaby12,14015,0.88,2336,CryptoCurrency
284,284,m983wv,Siamak71,6170,0.95,684,CryptoCurrency
285,285,ly79uw,Siamak71,4989,0.95,513,CryptoCurrency
287,287,q7p5fm,Set1Less,17201,0.91,2476,CryptoCurrency
288,288,oeh706,Set1Less,15559,0.94,1024,CryptoCurrency
289,289,n33j7w,Set1Less,13158,0.9,2136,CryptoCurrency
290,290,qri0vn,Set1Less,9214,0.94,644,CryptoCurrency
291,291,p0d4sh,Set1Less,8338,0.87,1056,CryptoCurrency
292,292,nv38cv,Set1Less,6881,0.95,1006,CryptoCurrency
293,293,lrjpyq,Set1Less,6170,0.93,613,CryptoCurrency
295,295,of0tqh,SatOnMyBalls_,13060,0.93,723,CryptoCurrency
296,296,ofojmg,SatOnMyBalls_,8512,0.92,553,CryptoCurrency
313,313,lqavxo,PM_ME_PLASTIC_BAGS,17803,0.88,1419,CryptoCurrency
314,314,m7m7om,PM_ME_PLASTIC_BAGS,7707,0.87,728,CryptoCurrency
333,333,lra6ps,Monster_Chief17,11775,0.86,2451,CryptoCurrency
334,334,l4msni,Monster_Chief17,8804,0.95,982,CryptoCurrency
335,335,o10xzv,Monster_Chief17,5875,0.9,631,CryptoCurrency
347,347,posj0p,Lord-Nagafen,8560,0.73,2552,CryptoCurrency
348,348,pf8dzu,Lord-Nagafen,6792,0.89,1559,CryptoCurrency
355,355,lg1yhv,Layneeeee,14817,0.93,1628,CryptoCurrency
356,356,llyq6e,Layneeeee,5263,0.97,1054,CryptoCurrency
369,369,lmyhur,Joe-M-4,12803,0.97,885,CryptoCurrency
370,370,kjak8i,Joe-M-4,6208,0.96,352,CryptoCurrency
376,376,nr2v11,Invest07723,14129,0.88,1455,CryptoCurrency
377,377,o56iry,Invest07723,5203,0.86,1219,CryptoCurrency
387,387,mntcz3,GroundbreakingLack78,36960,0.82,3042,CryptoCurrency
388,388,mli30h,GroundbreakingLack78,8180,0.95,649,CryptoCurrency
389,389,q2eizx,GroundbreakingLack78,6472,0.81,736,CryptoCurrency
390,390,mhxd6q,GroundbreakingLack78,6220,0.95,608,CryptoCurrency
409,409,lsel8w,ExcellentNoThankYou,17039,0.92,1539,CryptoCurrency
410,410,ml55dp,ExcellentNoThankYou,5220,0.96,573,CryptoCurrency
414,414,pw0kgt,Dwez1337,25782,0.94,1163,CryptoCurrency
415,415,q5y3q6,Dwez1337,20335,0.92,1507,CryptoCurrency
416,416,odbuf7,Dwez1337,18804,0.8,1957,CryptoCurrency
417,417,nkolbg,Dwez1337,12985,0.93,1006,CryptoCurrency
418,418,njrbs8,Dwez1337,8543,0.94,1091,CryptoCurrency
419,419,pegyo0,Dwez1337,6979,0.88,1724,CryptoCurrency
420,420,qjx8tl,Dwez1337,6707,0.95,1591,CryptoCurrency
421,421,pgtkjy,Dwez1337,5192,0.93,1032,CryptoCurrency
422,422,p4l9ri,Dwez1337,5114,0.96,444,CryptoCurrency
426,426,nhu312,DetroitMotorShow,15679,0.88,1837,CryptoCurrency
427,427,po2qym,DetroitMotorShow,15299,0.89,4495,CryptoCurrency
428,428,o1h95p,DetroitMotorShow,6426,0.92,1629,CryptoCurrency
429,429,q5gdtj,DetroitMotorShow,5494,0.81,2597,CryptoCurrency
430,430,nzmfcj,DetroitMotorShow,5474,0.93,1207,CryptoCurrency
431,431,7r0ftz,DestroyerOfShitcoins,26499,0.84,3012,CryptoCurrency
432,432,7raztw,DestroyerOfShitcoins,17889,0.86,1268,CryptoCurrency
448,448,nt531l,ControlPotential,18214,0.86,1727,CryptoCurrency
449,449,olffeq,ControlPotential,5841,0.81,1010,CryptoCurrency
450,450,obldqp,ControlPotential,5560,0.83,900,CryptoCurrency
463,463,nbk72b,Brinothedino,19543,0.86,1457,CryptoCurrency
464,464,o8y8xu,Brinothedino,5992,0.92,835,CryptoCurrency
474,474,nch8rm,BTC_Hadzija,37804,0.82,1633,CryptoCurrency
475,475,naa4sq,BTC_Hadzija,11311,0.89,1587,CryptoCurrency
476,476,m6azph,AvidasOfficial,13252,0.92,1242,CryptoCurrency
477,477,lw3mkz,AvidasOfficial,9000,0.96,1302,CryptoCurrency
478,478,82twrd,AvidasOfficial,6334,0.88,347,CryptoCurrency
487,487,nwmtwy,AlreadyLiberated,13745,0.65,2341,CryptoCurrency
488,488,o442ux,AlreadyLiberated,9834,0.78,1154,CryptoCurrency
495,495,nl0xwa,9Oh8m8,18579,0.91,1744,CryptoCurrency
496,496,n00qxy,9Oh8m8,7935,0.97,835,CryptoCurrency
